"","nsnps","PP.H0.abf","PP.H1.abf","PP.H2.abf","PP.H3.abf","PP.H4.abf"
"rs7412",1366,1.14566078144585e-08,3.9999154139102e-07,0.000882030416479734,0.0298255743112624,0.96929198382411
"rs7182103",1584,2.81935910822575e-05,3.7359783194212e-05,0.389319440452738,0.51579866619547,0.094816339977515
"rs10811650",1006,2.26807072685322e-40,2.1788716887561e-41,0.631945746987794,0.0604015959849642,0.307652657027239
"rs72652478",1004,2.26683390785744e-40,2.18497248949298e-41,0.631610792035793,0.060572347313772,0.307816860650433
"rs62555371",1000,2.26867387290682e-40,2.17535495684493e-41,0.631923215034403,0.060285196879188,0.307791588086404
"rs4977575",1026,2.26597385663452e-40,2.17390933126631e-41,0.631570387466526,0.0602828770596623,0.30814673547381
"rs2854746",1617,0.0107425725261623,0.00558418772334986,0.0756245979111654,0.0384414563619487,0.869607185477374
"rs9633535",1134,0.0619890202641528,0.00809001540254933,0.490475425919455,0.063634779073371,0.375810759340472
"rs3844006",1167,0.12918975283823,0.0209596707592647,0.0596282664839832,0.0088927258730848,0.781329584045438
"rs11063120",1206,0.00683963899129488,0.0017409455852411,0.737099963299022,0.187552920504502,0.0667665316199393
"rs10762577",813,0.0288504375315183,0.00447890812210062,0.743589980878092,0.115331443025449,0.10774923044284
"rs10456561",1009,2.88466872675686e-21,1.11719846638003e-22,0.516521009410287,0.0195403160328806,0.463938674556833
"rs35355695",1008,2.88340730953754e-21,1.12795606132931e-22,0.516392888727529,0.019736830707496,0.463870280564975
"rs9349379",995,2.88134017918492e-21,1.15757789585342e-22,0.516116537736901,0.0202713604670327,0.463612101796065
"rs9515203",2184,0.12436046138463,0.0137212303586917,0.665605648601312,0.0733161684235565,0.122996491231809
"rs10899970",1907,0.000121474797781159,9.71205719990439e-06,0.908313036402671,0.0726017733086951,0.0189540034336524
